-- ============================================================================
-- SYSTÈME DE GESTION D'ACCÈS (SGA) — ISGE-BF 2025-2026
-- Script SQL Phase 2 — Base de données + Jeu de données de test
-- Lot 3 : Module de Supervision
-- COMBERE Yendie Jeconias | ZONGO Elvis Landry
-- Compatible Oracle XE 21c
-- ============================================================================

-- ============================================================================
-- 0. NETTOYAGE
-- ============================================================================
DROP TABLE HISTORIQUE_EVENEMENT   CASCADE CONSTRAINTS;
DROP TABLE HISTORIQUE_PROFIL      CASCADE CONSTRAINTS;
DROP TABLE DROIT_ACCES            CASCADE CONSTRAINTS;
DROP TABLE ACCES                  CASCADE CONSTRAINTS;
DROP TABLE BADGE                  CASCADE CONSTRAINTS;
DROP TABLE LIEU                   CASCADE CONSTRAINTS;
DROP TABLE PERSONNE               CASCADE CONSTRAINTS;
DROP TABLE PROFIL                 CASCADE CONSTRAINTS;

-- ============================================================================
-- 1. PROFIL
-- ============================================================================
CREATE TABLE PROFIL (
    id_profil       NUMBER GENERATED BY DEFAULT AS IDENTITY,
    libelle_profil  VARCHAR2(50)  NOT NULL,
    description     VARCHAR2(255),
    date_creation   TIMESTAMP     DEFAULT CURRENT_TIMESTAMP NOT NULL,
    statut          VARCHAR2(20)  DEFAULT 'ACTIF' NOT NULL,
    CONSTRAINT pk_profil         PRIMARY KEY (id_profil),
    CONSTRAINT uq_libelle_profil UNIQUE (libelle_profil),
    CONSTRAINT chk_profil_statut CHECK (statut IN ('ACTIF','INACTIF'))
);

-- ============================================================================
-- 2. PERSONNE
-- ============================================================================
CREATE TABLE PERSONNE (
    id_personne    NUMBER GENERATED BY DEFAULT AS IDENTITY,
    nom            VARCHAR2(100) NOT NULL,
    prenom         VARCHAR2(100) NOT NULL,
    date_naissance DATE          NOT NULL,
    fonction       VARCHAR2(50)  NOT NULL,
    login          VARCHAR2(50)  NOT NULL,
    mot_de_passe   VARCHAR2(256) NOT NULL,
    statut         VARCHAR2(20)  DEFAULT 'ACTIF' NOT NULL,
    id_profil      NUMBER,
    CONSTRAINT pk_personne           PRIMARY KEY (id_personne),
    CONSTRAINT uq_personne_login     UNIQUE (login),
    CONSTRAINT fk_personne_profil    FOREIGN KEY (id_profil) REFERENCES PROFIL(id_profil),
    CONSTRAINT chk_personne_statut   CHECK (statut IN ('ACTIF','INACTIF')),
    CONSTRAINT chk_personne_fonction CHECK (fonction IN ('ETUDIANT','ENSEIGNANT','PERSONNEL','AGENT_SECURITE','ADMINISTRATEUR','VISITEUR'))
);

-- ============================================================================
-- 3. LIEU
-- ============================================================================
CREATE TABLE LIEU (
    id_lieu         NUMBER GENERATED BY DEFAULT AS IDENTITY,
    libelle_lieu    VARCHAR2(100) NOT NULL,
    emplacement     VARCHAR2(150) NOT NULL,
    capacite_max    NUMBER(4)     DEFAULT 1 NOT NULL,
    heure_ouverture NUMBER(4)     DEFAULT 700  NOT NULL,
    heure_fermeture NUMBER(4)     DEFAULT 2200 NOT NULL,
    statut          VARCHAR2(20)  DEFAULT 'OUVERT' NOT NULL,
    CONSTRAINT pk_lieu           PRIMARY KEY (id_lieu),
    CONSTRAINT chk_lieu_statut   CHECK (statut IN ('OUVERT','FERME','BLOQUE')),
    CONSTRAINT chk_lieu_capacite CHECK (capacite_max > 0)
);

-- ============================================================================
-- 4. BADGE
-- ============================================================================
CREATE TABLE BADGE (
    num_badge       VARCHAR2(50) NOT NULL,
    date_emission   DATE         DEFAULT SYSDATE NOT NULL,
    date_expiration DATE         NOT NULL,
    statut          VARCHAR2(20) DEFAULT 'ACTIF' NOT NULL,
    id_personne     NUMBER       NOT NULL,
    CONSTRAINT pk_badge          PRIMARY KEY (num_badge),
    CONSTRAINT fk_badge_personne FOREIGN KEY (id_personne) REFERENCES PERSONNE(id_personne),
    CONSTRAINT chk_badge_statut  CHECK (statut IN ('ACTIF','SUSPENDU','EXPIRE','REVOQUE','BLOQUE')),
    CONSTRAINT chk_badge_dates   CHECK (date_expiration > date_emission)
);

-- ============================================================================
-- 5. ACCES
-- ============================================================================
CREATE TABLE ACCES (
    id_acces      NUMBER GENERATED BY DEFAULT AS IDENTITY,
    libelle_acces VARCHAR2(100) NOT NULL,
    type_acces    VARCHAR2(30)  NOT NULL,
    description   VARCHAR2(255),
    statut        VARCHAR2(20)  DEFAULT 'ACTIF' NOT NULL,
    id_lieu       NUMBER        NOT NULL,
    CONSTRAINT pk_acces      PRIMARY KEY (id_acces),
    CONSTRAINT fk_acces_lieu FOREIGN KEY (id_lieu) REFERENCES LIEU(id_lieu),
    CONSTRAINT chk_type_acces   CHECK (type_acces IN ('PORTE','BARRIERE','PORTILLON','PARKING','ASCENSEUR')),
    CONSTRAINT chk_acces_statut CHECK (statut IN ('ACTIF','INACTIF'))
);

-- ============================================================================
-- 6. DROIT_ACCES
-- ============================================================================
CREATE TABLE DROIT_ACCES (
    id_droit     NUMBER GENERATED BY DEFAULT AS IDENTITY,
    id_profil    NUMBER        NOT NULL,
    id_lieu      NUMBER        NOT NULL,
    jour_semaine VARCHAR2(15)  NOT NULL,
    heure_debut  NUMBER(4)     NOT NULL,
    heure_fin    NUMBER(4)     NOT NULL,
    CONSTRAINT pk_droit_acces      PRIMARY KEY (id_droit),
    CONSTRAINT fk_droit_profil     FOREIGN KEY (id_profil) REFERENCES PROFIL(id_profil),
    CONSTRAINT fk_droit_lieu       FOREIGN KEY (id_lieu) REFERENCES LIEU(id_lieu),
    CONSTRAINT chk_jour_semaine    CHECK (jour_semaine IN ('LUNDI','MARDI','MERCREDI','JEUDI','VENDREDI','SAMEDI','DIMANCHE','TOUS')),
    CONSTRAINT chk_heure_debut     CHECK (heure_debut BETWEEN 0 AND 2359),
    CONSTRAINT chk_heure_fin       CHECK (heure_fin BETWEEN 0 AND 2359),
    CONSTRAINT chk_heure_coherence CHECK (heure_fin > heure_debut),
    CONSTRAINT uq_droit_unique     UNIQUE (id_profil, id_lieu, jour_semaine)
);

-- ============================================================================
-- 7. HISTORIQUE_PROFIL
-- ============================================================================
CREATE TABLE HISTORIQUE_PROFIL (
    id_historique_profil NUMBER GENERATED BY DEFAULT AS IDENTITY,
    id_personne          NUMBER        NOT NULL,
    id_ancien_profil     NUMBER,
    id_nouveau_profil    NUMBER        NOT NULL,
    date_changement      TIMESTAMP     DEFAULT CURRENT_TIMESTAMP NOT NULL,
    motif                VARCHAR2(255),
    effectue_par         VARCHAR2(100) NOT NULL,
    CONSTRAINT pk_hist_profil        PRIMARY KEY (id_historique_profil),
    CONSTRAINT fk_hist_prof_personne FOREIGN KEY (id_personne) REFERENCES PERSONNE(id_personne),
    CONSTRAINT fk_hist_prof_ancien   FOREIGN KEY (id_ancien_profil) REFERENCES PROFIL(id_profil),
    CONSTRAINT fk_hist_prof_nouveau  FOREIGN KEY (id_nouveau_profil) REFERENCES PROFIL(id_profil)
);

-- ============================================================================
-- 8. HISTORIQUE_EVENEMENT
-- ============================================================================
CREATE TABLE HISTORIQUE_EVENEMENT (
    id_evenement              NUMBER GENERATED BY DEFAULT AS IDENTITY,
    type_evenement            VARCHAR2(30)  NOT NULL,
    date_evenement            TIMESTAMP     DEFAULT CURRENT_TIMESTAMP NOT NULL,
    statut_resultat           VARCHAR2(20)  NOT NULL,
    description_justification VARCHAR2(255) NOT NULL,
    num_badge                 VARCHAR2(50),
    id_acces                  NUMBER,
    id_lieu                   NUMBER,
    id_personne               NUMBER,
    effectue_par              VARCHAR2(100),
    CONSTRAINT pk_hist_evenement PRIMARY KEY (id_evenement),
    CONSTRAINT fk_hist_badge     FOREIGN KEY (num_badge)  REFERENCES BADGE(num_badge),
    CONSTRAINT fk_hist_acces     FOREIGN KEY (id_acces)   REFERENCES ACCES(id_acces),
    CONSTRAINT fk_hist_lieu      FOREIGN KEY (id_lieu)    REFERENCES LIEU(id_lieu),
    CONSTRAINT fk_hist_personne  FOREIGN KEY (id_personne) REFERENCES PERSONNE(id_personne),
    CONSTRAINT chk_type_evt      CHECK (type_evenement IN (
        'ACCES_PHYSIQUE','CREATION_BADGE','MODIF_BADGE',
        'BLOCAGE_BADGE','DEBLOCAGE_BADGE',
        'MODIF_LIEU','BLOCAGE_LIEU','DEBLOCAGE_LIEU','MODIF_PROFIL'
    )),
    CONSTRAINT chk_statut_resultat CHECK (statut_resultat IN ('ACCORDE','REFUSE','SUCCES','ECHEC'))
);

-- ============================================================================
-- 9. TRIGGERS
-- ============================================================================

CREATE OR REPLACE TRIGGER trg_badge_unique_actif
BEFORE INSERT OR UPDATE ON BADGE
FOR EACH ROW
DECLARE v_count NUMBER;
BEGIN
    IF :NEW.statut = 'ACTIF' THEN
        SELECT COUNT(*) INTO v_count FROM BADGE
        WHERE id_personne = :NEW.id_personne AND statut = 'ACTIF' AND num_badge != :NEW.num_badge;
        IF v_count > 0 THEN
            RAISE_APPLICATION_ERROR(-20001,'Cette personne possède déjà un badge actif.');
        END IF;
    END IF;
END;
/

CREATE OR REPLACE TRIGGER trg_audit_non_modifiable
BEFORE UPDATE OR DELETE ON HISTORIQUE_EVENEMENT
FOR EACH ROW
BEGIN
    RAISE_APPLICATION_ERROR(-20003,'Le journal d''audit est NON MODIFIABLE.');
END;
/

CREATE OR REPLACE TRIGGER trg_acces_lieu_bloque
BEFORE INSERT ON HISTORIQUE_EVENEMENT
FOR EACH ROW
DECLARE v_statut VARCHAR2(20);
BEGIN
    IF :NEW.type_evenement = 'ACCES_PHYSIQUE' AND :NEW.id_lieu IS NOT NULL THEN
        SELECT statut INTO v_statut FROM LIEU WHERE id_lieu = :NEW.id_lieu;
        IF v_statut = 'BLOQUE' AND :NEW.statut_resultat = 'ACCORDE' THEN
            RAISE_APPLICATION_ERROR(-20004,'Accès impossible : lieu BLOQUÉ.');
        END IF;
    END IF;
EXCEPTION WHEN NO_DATA_FOUND THEN
    RAISE_APPLICATION_ERROR(-20005,'Lieu introuvable.');
END;
/

CREATE OR REPLACE TRIGGER trg_trace_changement_profil
AFTER UPDATE OF id_profil ON PERSONNE
FOR EACH ROW
BEGIN
    IF NVL(:OLD.id_profil,0) != NVL(:NEW.id_profil,0) THEN
        INSERT INTO HISTORIQUE_PROFIL (id_personne,id_ancien_profil,id_nouveau_profil,motif,effectue_par)
        VALUES (:NEW.id_personne,:OLD.id_profil,:NEW.id_profil,'Changement de profil',USER);
    END IF;
END;
/

-- ============================================================================
-- 10. DONNÉES DE TEST
-- ============================================================================

-- Profils
INSERT INTO PROFIL (libelle_profil, description) VALUES ('ADMINISTRATEUR','Accès complet au système');
INSERT INTO PROFIL (libelle_profil, description) VALUES ('AGENT_SECURITE','Opérations de supervision');
INSERT INTO PROFIL (libelle_profil, description) VALUES ('ETUDIANT','Accès aux salles de cours uniquement');
INSERT INTO PROFIL (libelle_profil, description) VALUES ('ENSEIGNANT','Accès élargi aux salles et labos');
INSERT INTO PROFIL (libelle_profil, description) VALUES ('RESPONSABLE_DSI','Consultation rapports uniquement');

-- Personnes (mot de passe = SHA-256 de "isgebf2026")
-- SHA-256("isgebf2026") = a3f5b2c1d4e6f7a8b9c0d1e2f3a4b5c6d7e8f9a0b1c2d3e4f5a6b7c8d9e0f1a2
INSERT INTO PERSONNE (nom,prenom,date_naissance,fonction,login,mot_de_passe,statut,id_profil)
VALUES ('COMBERE','Yendie Jeconias',DATE '2003-05-15','ADMINISTRATEUR','combere.jeconias',
        'a3f5b2c1d4e6f7a8b9c0d1e2f3a4b5c6d7e8f9a0b1c2d3e4f5a6b7c8d9e0f1a2','ACTIF',1);

INSERT INTO PERSONNE (nom,prenom,date_naissance,fonction,login,mot_de_passe,statut,id_profil)
VALUES ('ZONGO','Elvis Landry',DATE '2003-08-22','ADMINISTRATEUR','zongo.landry',
        'a3f5b2c1d4e6f7a8b9c0d1e2f3a4b5c6d7e8f9a0b1c2d3e4f5a6b7c8d9e0f1a2','ACTIF',1);

INSERT INTO PERSONNE (nom,prenom,date_naissance,fonction,login,mot_de_passe,statut,id_profil)
VALUES ('NAGALO','Alexis',DATE '1985-03-10','ENSEIGNANT','nagalo.alexis',
        'a3f5b2c1d4e6f7a8b9c0d1e2f3a4b5c6d7e8f9a0b1c2d3e4f5a6b7c8d9e0f1a2','ACTIF',4);

INSERT INTO PERSONNE (nom,prenom,date_naissance,fonction,login,mot_de_passe,statut,id_profil)
VALUES ('SAWADOGO','Karim',DATE '2004-11-03','ETUDIANT','sawadogo.karim',
        'a3f5b2c1d4e6f7a8b9c0d1e2f3a4b5c6d7e8f9a0b1c2d3e4f5a6b7c8d9e0f1a2','ACTIF',3);

INSERT INTO PERSONNE (nom,prenom,date_naissance,fonction,login,mot_de_passe,statut,id_profil)
VALUES ('OUEDRAOGO','Issouf',DATE '2003-07-14','ETUDIANT','ouedraogo.issouf',
        'a3f5b2c1d4e6f7a8b9c0d1e2f3a4b5c6d7e8f9a0b1c2d3e4f5a6b7c8d9e0f1a2','INACTIF',3);

INSERT INTO PERSONNE (nom,prenom,date_naissance,fonction,login,mot_de_passe,statut,id_profil)
VALUES ('TRAORE','Aïcha',DATE '2004-02-28','ETUDIANT','traore.aicha',
        'a3f5b2c1d4e6f7a8b9c0d1e2f3a4b5c6d7e8f9a0b1c2d3e4f5a6b7c8d9e0f1a2','ACTIF',3);

INSERT INTO PERSONNE (nom,prenom,date_naissance,fonction,login,mot_de_passe,statut,id_profil)
VALUES ('KABORÉ','Windsom',DATE '1990-06-15','AGENT_SECURITE','kabore.windsom',
        'a3f5b2c1d4e6f7a8b9c0d1e2f3a4b5c6d7e8f9a0b1c2d3e4f5a6b7c8d9e0f1a2','ACTIF',2);

INSERT INTO PERSONNE (nom,prenom,date_naissance,fonction,login,mot_de_passe,statut,id_profil)
VALUES ('SOME','Barnabé',DATE '1988-09-20','PERSONNEL','some.barnabe',
        'a3f5b2c1d4e6f7a8b9c0d1e2f3a4b5c6d7e8f9a0b1c2d3e4f5a6b7c8d9e0f1a2','ACTIF',5);

-- Lieux
INSERT INTO LIEU (libelle_lieu,emplacement,capacite_max,heure_ouverture,heure_fermeture,statut)
VALUES ('Salle de cours A01','Bâtiment A, Rez-de-chaussée',50,700,2000,'OUVERT');

INSERT INTO LIEU (libelle_lieu,emplacement,capacite_max,heure_ouverture,heure_fermeture,statut)
VALUES ('Laboratoire Réseaux','Bâtiment C, 1er étage',20,800,1800,'OUVERT');

INSERT INTO LIEU (libelle_lieu,emplacement,capacite_max,heure_ouverture,heure_fermeture,statut)
VALUES ('Salle des professeurs','Bâtiment A, 1er étage',15,700,2200,'BLOQUE');

INSERT INTO LIEU (libelle_lieu,emplacement,capacite_max,heure_ouverture,heure_fermeture,statut)
VALUES ('Parking principal','Zone extérieure Nord',30,600,2200,'FERME');

INSERT INTO LIEU (libelle_lieu,emplacement,capacite_max,heure_ouverture,heure_fermeture,statut)
VALUES ('Salle Informatique B02','Bâtiment B, 2ème étage',30,700,2000,'OUVERT');

INSERT INTO LIEU (libelle_lieu,emplacement,capacite_max,heure_ouverture,heure_fermeture,statut)
VALUES ('Administration','Bâtiment A, RDC',10,800,1700,'OUVERT');

-- Badges
INSERT INTO BADGE (num_badge,date_emission,date_expiration,statut,id_personne)
VALUES ('LEO-2026-0001',DATE '2026-01-01',DATE '2027-01-01','ACTIF',1);

INSERT INTO BADGE (num_badge,date_emission,date_expiration,statut,id_personne)
VALUES ('LEO-2026-0002',DATE '2026-01-01',DATE '2027-01-01','ACTIF',2);

INSERT INTO BADGE (num_badge,date_emission,date_expiration,statut,id_personne)
VALUES ('LEO-2026-0003',DATE '2026-01-15',DATE '2027-01-15','ACTIF',3);

INSERT INTO BADGE (num_badge,date_emission,date_expiration,statut,id_personne)
VALUES ('LEO-2026-0004',DATE '2026-02-01',DATE '2027-02-01','BLOQUE',4);

INSERT INTO BADGE (num_badge,date_emission,date_expiration,statut,id_personne)
VALUES ('LEO-2025-0018',DATE '2025-09-01',DATE '2026-08-31','EXPIRE',5);

INSERT INTO BADGE (num_badge,date_emission,date_expiration,statut,id_personne)
VALUES ('LEO-2026-0006',DATE '2026-03-01',DATE '2027-03-01','ACTIF',6);

INSERT INTO BADGE (num_badge,date_emission,date_expiration,statut,id_personne)
VALUES ('LEO-2026-0007',DATE '2026-01-01',DATE '2027-01-01','ACTIF',7);

INSERT INTO BADGE (num_badge,date_emission,date_expiration,statut,id_personne)
VALUES ('LEO-2026-0008',DATE '2026-01-15',DATE '2027-01-15','ACTIF',8);

-- Points d'accès
INSERT INTO ACCES (libelle_acces,type_acces,description,statut,id_lieu)
VALUES ('Porte principale A01','PORTE','Entrée salle A01',    'ACTIF',1);
INSERT INTO ACCES (libelle_acces,type_acces,description,statut,id_lieu)
VALUES ('Porte Labo Réseaux',   'PORTE','Entrée labo réseaux','ACTIF',2);
INSERT INTO ACCES (libelle_acces,type_acces,description,statut,id_lieu)
VALUES ('Porte salle profs',    'PORTE','Entrée salle prof',  'ACTIF',3);
INSERT INTO ACCES (libelle_acces,type_acces,description,statut,id_lieu)
VALUES ('Barrière parking',     'BARRIERE','Entrée parking',  'ACTIF',4);
INSERT INTO ACCES (libelle_acces,type_acces,description,statut,id_lieu)
VALUES ('Porte Info B02',       'PORTE','Entrée Info B02',    'ACTIF',5);

-- Droits d'accès
INSERT INTO DROIT_ACCES (id_profil,id_lieu,jour_semaine,heure_debut,heure_fin)
VALUES (1,1,'TOUS',0,2359);
INSERT INTO DROIT_ACCES (id_profil,id_lieu,jour_semaine,heure_debut,heure_fin)
VALUES (1,2,'TOUS',0,2359);
INSERT INTO DROIT_ACCES (id_profil,id_lieu,jour_semaine,heure_debut,heure_fin)
VALUES (3,1,'LUNDI',700,2000);
INSERT INTO DROIT_ACCES (id_profil,id_lieu,jour_semaine,heure_debut,heure_fin)
VALUES (3,5,'LUNDI',700,2000);
INSERT INTO DROIT_ACCES (id_profil,id_lieu,jour_semaine,heure_debut,heure_fin)
VALUES (4,1,'TOUS',700,2200);
INSERT INTO DROIT_ACCES (id_profil,id_lieu,jour_semaine,heure_debut,heure_fin)
VALUES (4,2,'TOUS',800,1800);

-- Historique d'événements (données test supervision)
INSERT INTO HISTORIQUE_EVENEMENT
(type_evenement,statut_resultat,description_justification,num_badge,id_personne,effectue_par)
VALUES ('BLOCAGE_BADGE','SUCCES','Perte du badge signalée par l''étudiant','LEO-2026-0004',1,'COMBERE Yendie Jeconias');

INSERT INTO HISTORIQUE_EVENEMENT
(type_evenement,statut_resultat,description_justification,id_lieu,id_personne,effectue_par)
VALUES ('BLOCAGE_LIEU','SUCCES','Exercice d''évacuation incendie prévu',3,1,'COMBERE Yendie Jeconias');

INSERT INTO HISTORIQUE_EVENEMENT
(type_evenement,statut_resultat,description_justification,num_badge,id_acces,id_lieu,effectue_par)
VALUES ('ACCES_PHYSIQUE','REFUSE','Badge bloqué','LEO-2026-0004',2,2,'Système Oracle');

INSERT INTO HISTORIQUE_EVENEMENT
(type_evenement,statut_resultat,description_justification,num_badge,id_acces,id_lieu,effectue_par)
VALUES ('ACCES_PHYSIQUE','ACCORDE','Accès normal','LEO-2026-0001',1,1,'Système Oracle');

INSERT INTO HISTORIQUE_EVENEMENT
(type_evenement,statut_resultat,description_justification,num_badge,id_acces,id_lieu,effectue_par)
VALUES ('ACCES_PHYSIQUE','ACCORDE','Accès normal','LEO-2026-0002',1,1,'Système Oracle');

INSERT INTO HISTORIQUE_EVENEMENT
(type_evenement,statut_resultat,description_justification,num_badge,id_acces,id_lieu,effectue_par)
VALUES ('ACCES_PHYSIQUE','REFUSE','Lieu bloqué','LEO-2026-0003',3,3,'Système Oracle');

INSERT INTO HISTORIQUE_EVENEMENT
(type_evenement,statut_resultat,description_justification,id_lieu,id_personne,effectue_par)
VALUES ('DEBLOCAGE_LIEU','SUCCES','Fin de l''exercice d''évacuation',3,1,'COMBERE Yendie Jeconias');

COMMIT;

-- ============================================================================
-- 11. VÉRIFICATION
-- ============================================================================
SELECT 'PROFIL'                AS TABLE_NOM, COUNT(*) AS NB_LIGNES FROM PROFIL
UNION ALL SELECT 'PERSONNE',    COUNT(*) FROM PERSONNE
UNION ALL SELECT 'LIEU',        COUNT(*) FROM LIEU
UNION ALL SELECT 'BADGE',       COUNT(*) FROM BADGE
UNION ALL SELECT 'ACCES',       COUNT(*) FROM ACCES
UNION ALL SELECT 'DROIT_ACCES', COUNT(*) FROM DROIT_ACCES
UNION ALL SELECT 'HISTORIQUE',  COUNT(*) FROM HISTORIQUE_EVENEMENT;

